Navn,Sted,Org.nr,Google-søk,E-post,Telefon,Messenger,bookingsystem
DIN FRISØR AS,NAMSOS,983100309,https://www.google.com/search?q=DIN+FRISØR+AS+NAMSOS+epost,,,ja,
MIN FRISØR AS,NESBRU,914250765,https://www.google.com/search?q=MIN+FRISØR+AS+NESBRU+epost,minfrisor.as@gmail.com,,,
VÅR FRISØR AS,STOKMARKNES,923350969,https://www.google.com/search?q=VÅR+FRISØR+AS+STOKMARKNES+epost,post@vaarfrisor.no,,,
3442 FRISØR AS,HYGGEN,924571403,https://www.google.com/search?q=3442+FRISØR+AS+HYGGEN+epost,smelvoll@gmail.com,,,
ACI FRISØR AS,MOSJØEN,912558207,https://www.google.com/search?q=ACI+FRISØR+AS+MOSJØEN+epost,,,,
CHI salongen AS, TRONDHEIM,,,chisalongen@gmail.com,,,
Alina Frisør, TRONDHEIM,,,alinaantoniakfrisor@gmail.com,,,
ADAMS FRISØR AS,SELJORD,932986515,https://www.google.com/search?q=ADAMS+FRISØR+AS+SELJORD+epost,salongadams@gmail.com,,,
ADORN FRISØR AS,LINDÅS,885094732,https://www.google.com/search?q=ADORN+FRISØR+AS+LINDÅS+epost,,,ja,
AFRODITE FRISØR AS,VIKERSUND,930116300,https://www.google.com/search?q=AFRODITE+FRISØR+AS+VIKERSUND+epost,,,ja,
ALAN FRISØR AS,Danmark,927452081,https://www.google.com/search?q=ALAN+FRISØR+AS+DRAMMEN+epost,alansfo093@gmail.com,,,
ALEX FRISØR AS,DRAMMEN,918338217,https://www.google.com/search?q=ALEX+FRISØR+AS+DRAMMEN+epost,,,ja,
AMANDA FRISØR AS,SANDEFJORD,925758116,https://www.google.com/search?q=AMANDA+FRISØR+AS+SANDEFJORD+epost,amanda@slyngstadli.no,,,
AMAZING FRISØR AS,KLEPPE,915218326,https://www.google.com/search?q=AMAZING+FRISØR+AS+KLEPPE+epost,amazingfrisor@gmail.com,,,
AMIN FRISØR AS,ARENDAL,933912396,https://www.google.com/search?q=AMIN+FRISØR+AS+ARENDAL+epost,aminfrisor@hotmail.com,,,
AMIR FRISØR AS,BJUGN,928077810,https://www.google.com/search?q=AMIR+FRISØR+AS+BJUGN+epost,wealosman1990@gmail.com,,,
AMTMANNSVINGEN FRISØR AS,TVEDESTRAND,877073882,https://www.google.com/search?q=AMTMANNSVINGEN+FRISØR+AS+TVEDESTRAND+epost,,,ja,
ANITA FRISØR AS,FØRDE,919268204,https://www.google.com/search?q=ANITA+FRISØR+AS+FØRDE+epost,,,ja,
ANKAS FRISØR AS,HAMMERFEST,927834820,https://www.google.com/search?q=ANKAS+FRISØR+AS+HAMMERFEST+epost,,,,
ANNES FRISØR AS,ULEFOSS,927150778,https://www.google.com/search?q=ANNES+FRISØR+AS+ULEFOSS+epost,,,,nei
ARAMS FRISØR AS,STAVANGER,923947167,https://www.google.com/search?q=ARAMS+FRISØR+AS+STAVANGER+epost,post@aramsfrisor.no,,,
ARCTIC FRISØR AS,HAVØYSUND,912629848,https://www.google.com/search?q=ARCTIC+FRISØR+AS+HAVØYSUND+epost,arcticfrisor@outlook.com,,,
ARIA FRISØR AS,HAMAR,922773157,https://www.google.com/search?q=ARIA+FRISØR+AS+HAMAR+epost,,,ja,
ARIKO FRISØR AS,MELHUS,913107888,https://www.google.com/search?q=ARIKO+FRISØR+AS+MELHUS+epost,,,ja,
ARILDS FRISØR AS,SANDNES,918945989,https://www.google.com/search?q=ARILDS+FRISØR+AS+SANDNES+epost,,,ja,nei
ARINA FRISØR AS,SØRUMSAND,824576882,https://www.google.com/search?q=ARINA+FRISØR+AS+SØRUMSAND+epost,,,ja,
ARNE FRISØR AS,BJØRNDALSTRÆ,918601910,https://www.google.com/search?q=ARNE+FRISØR+AS+BJØRNDALSTRÆ+epost,,,ja,nei
ATENE FRISØR AS,EIDSVOLL,898427382,https://www.google.com/search?q=ATENE+FRISØR+AS+EIDSVOLL+epost,miriam.ruud@hotmail.com,,,nei
ATLAS FRISØR AS,OSLO,921311524,https://www.google.com/search?q=ATLAS+FRISØR+AS+OSLO+epost,,,ja,nei
BABEL FRISØR AS,FREDRIKSTAD,924925809,https://www.google.com/search?q=BABEL+FRISØR+AS+FREDRIKSTAD+epost,hawhre162@gmail.com,,,
BABYLON FRISØR AS,RYKKINN,936715281,https://www.google.com/search?q=BABYLON+FRISØR+AS+RYKKINN+epost,babylonfrisor@hotmail.com,,,
BAFRIN FRISØR AS,SKI,912561429,https://www.google.com/search?q=BAFRIN+FRISØR+AS+SKI+epost,baf-ros@hotmail.com,,,
BEATES FRISØR AS,SÆBØVÅGEN,911839695,https://www.google.com/search?q=BEATES+FRISØR+AS+SÆBØVÅGEN+epost,,,ja,nei
BERIVAN FRISØR AS,LILLESTRØM,899152352,https://www.google.com/search?q=BERIVAN+FRISØR+AS+LILLESTRØM+epost,,,ja,nei
BEVITO FRISØR AS,ROGNAN,985841748,https://www.google.com/search?q=BEVITO+FRISØR+AS+ROGNAN+epost,len1981maitonje@hotmail.com,,,
BEZZETTI FRISØR AS,BARDUFOSS,983706924,https://www.google.com/search?q=BEZZETTI+FRISØR+AS+BARDUFOSS+epost,,,,   hit
BJØRNESTIEN FRISØR AS,STRANDA,995378434,https://www.google.com/search?q=BJØRNESTIEN+FRISØR+AS+STRANDA+epost,,,,
BLEST FRISØR AS,FARSUND,911622556,https://www.google.com/search?q=BLEST+FRISØR+AS+FARSUND+epost,,,,
BLISS FRISØR AS,SIRA,996436160,https://www.google.com/search?q=BLISS+FRISØR+AS+SIRA+epost,,,,
BLOKSBERG FRISØR AS,TRONDHEIM,998315824,https://www.google.com/search?q=BLOKSBERG+FRISØR+AS+TRONDHEIM+epost,,,,
BLOMSTERØYA FRISØR AS,KRÅKERØY,932873036,https://www.google.com/search?q=BLOMSTERØYA+FRISØR+AS+KRÅKERØY+epost,,,,
BOX FRISØR AS,TRONDHEIM,916266928,https://www.google.com/search?q=BOX+FRISØR+AS+TRONDHEIM+epost,,,,
BRAVO FRISØR AS,TROMSØ,831496142,https://www.google.com/search?q=BRAVO+FRISØR+AS+TROMSØ+epost,,,,
BRITAS FRISØR AS,VOSS,936467237,https://www.google.com/search?q=BRITAS+FRISØR+AS+VOSS+epost,,,,
BRUARØY FRISØR AS,OS,912167100,https://www.google.com/search?q=BRUARØY+FRISØR+AS+OS+epost,,,,
BRUENDEN FRISØR AS,PRESTFOSS,928991393,https://www.google.com/search?q=BRUENDEN+FRISØR+AS+PRESTFOSS+epost,,,,
BRYGGEN FRISØR AS,STAVANGER,878656962,https://www.google.com/search?q=BRYGGEN+FRISØR+AS+STAVANGER+epost,,,,
BUVIK FRISØR AS,BUVIKA,933272540,https://www.google.com/search?q=BUVIK+FRISØR+AS+BUVIKA+epost,,,,
BØLGEN FRISØR AS,TRONDHEIM,927811081,https://www.google.com/search?q=BØLGEN+FRISØR+AS+TRONDHEIM+epost,,,,
C FRISØR AS,RANDABERG,921820925,https://www.google.com/search?q=C+FRISØR+AS+RANDABERG+epost,,,,
CATALINA FRISØR AS,SUNDE I SUNNHORDLAND,999595111,https://www.google.com/search?q=CATALINA+FRISØR+AS+SUNDE I SUNNHORDLAND+epost,,,,
CEC FRISØR AS,OSLO,986479449,https://www.google.com/search?q=CEC+FRISØR+AS+OSLO+epost,,,,
CENTIMETER FRISØR AS,TROMSØ,981628799,https://www.google.com/search?q=CENTIMETER+FRISØR+AS+TROMSØ+epost,,,,
CHERIE FRISØR AS,ÅSGÅRDSTRAND,932225328,https://www.google.com/search?q=CHERIE+FRISØR+AS+ÅSGÅRDSTRAND+epost,,,,
CHRIS FRISØR AS,SKIEN,920051103,https://www.google.com/search?q=CHRIS+FRISØR+AS+SKIEN+epost,,,,
CHRISTIANSLUND FRISØR AS,FREDRIKSTAD,820231082,https://www.google.com/search?q=CHRISTIANSLUND+FRISØR+AS+FREDRIKSTAD+epost,,,,
CITY-FRISØR AS,SANDNES,997863569,https://www.google.com/search?q=CITY-FRISØR+AS+SANDNES+epost,,,,
CK FRISØR AS,TRONDHEIM,913029968,https://www.google.com/search?q=CK+FRISØR+AS+TRONDHEIM+epost,,,,
CLASSIC FRISØR AS,OS,968152416,https://www.google.com/search?q=CLASSIC+FRISØR+AS+OS+epost,,,,
CLIPP FRISØR AS,TØNSBERG,918004289,https://www.google.com/search?q=CLIPP+FRISØR+AS+TØNSBERG+epost,,,,
CLIPZ FRISØR AS,HAFRSFJORD,995781751,https://www.google.com/search?q=CLIPZ+FRISØR+AS+HAFRSFJORD+epost,,,,
CMS FRISØR AS,HUSNES,925590347,https://www.google.com/search?q=CMS+FRISØR+AS+HUSNES+epost,,,,
COLOSSEUM FRISØR AS,OSLO,985917434,https://www.google.com/search?q=COLOSSEUM+FRISØR+AS+OSLO+epost,,,,
COSMO FRISØR AS,TROMSØ,985898073,https://www.google.com/search?q=COSMO+FRISØR+AS+TROMSØ+epost,,,,
COSMO-FRISØR AS,FLEKKEFJORD,894538902,https://www.google.com/search?q=COSMO-FRISØR+AS+FLEKKEFJORD+epost,,,,
DAHLS FRISØR AS,STEINKJER,998016541,https://www.google.com/search?q=DAHLS+FRISØR+AS+STEINKJER+epost,,,,
DALEN FRISØR AS,BERGEN,934313186,https://www.google.com/search?q=DALEN+FRISØR+AS+BERGEN+epost,,,,
DANI FRISØR AS,ÅS,927483165,https://www.google.com/search?q=DANI+FRISØR+AS+ÅS+epost,,,,
DANIEL FRISØR AS,KRISTIANSAND S,915868525,https://www.google.com/search?q=DANIEL+FRISØR+AS+KRISTIANSAND S+epost,,,,
DELUXE FRISØR AS,FREDRIKSTAD,931454919,https://www.google.com/search?q=DELUXE+FRISØR+AS+FREDRIKSTAD+epost,,,,
DESIGN-FRISØR AS,ÅFJORD,997436741,https://www.google.com/search?q=DESIGN-FRISØR+AS+ÅFJORD+epost,,,,
DEVA FRISØR AS,NESTTUN,987191295,https://www.google.com/search?q=DEVA+FRISØR+AS+NESTTUN+epost,,,,
DEZHIN FRISØR AS,OSLO,919666811,https://www.google.com/search?q=DEZHIN+FRISØR+AS+OSLO+epost,,,,
DIAMANTEN FRISØR AS,ETNE,998050200,https://www.google.com/search?q=DIAMANTEN+FRISØR+AS+ETNE+epost,,,,
DJERV FRISØR AS,ALTA,923405577,https://www.google.com/search?q=DJERV+FRISØR+AS+ALTA+epost,,,,
DORIS FRISØR AS,SANDE I SUNNFJORD,997764994,https://www.google.com/search?q=DORIS+FRISØR+AS+SANDE I SUNNFJORD+epost,,,,
DUETT FRISØR AS,HOLMESTRAND,934289722,https://www.google.com/search?q=DUETT+FRISØR+AS+HOLMESTRAND+epost,,,,
DUO FRISØR AS,GODVIK,971597631,https://www.google.com/search?q=DUO+FRISØR+AS+GODVIK+epost,,,,
DUO FRISØR AS,SLEPENDEN,935991722,https://www.google.com/search?q=DUO+FRISØR+AS+SLEPENDEN+epost,,,,
DUS FRISØR AS,OSLO,978667589,https://www.google.com/search?q=DUS+FRISØR+AS+OSLO+epost,,,,
DYRØY FRISØR AS,BRØSTADBOTN,925854026,https://www.google.com/search?q=DYRØY+FRISØR+AS+BRØSTADBOTN+epost,,,,
EC FRISØR AS,NAMSOS,927456508,https://www.google.com/search?q=EC+FRISØR+AS+NAMSOS+epost,,,,
EDDA FRISØR AS,BREKKE,933353389,https://www.google.com/search?q=EDDA+FRISØR+AS+BREKKE+epost,,,,
EDELWEISS FRISØR AS,JAKOBSLI,934949943,https://www.google.com/search?q=EDELWEISS+FRISØR+AS+JAKOBSLI+epost,,,,
